"YEAR","MONTH","DAY","STID","RAIN","TMAX","TMIN","HAVG","2AVG","ATOT","TAVG","HMAX","HMIN","2MAX","DAVG","DMAX","DMIN","AMAX","TR60","S60AV"
2021,5,20,FTCB,0.00,77.13,62.22,80.33,6.89,18.27,69.04,96.74,57.94,15.74,62.30,64.96,60.09,1015.91,1.6277,67.54
2021,5,21,FTCB,0.00,83.34,62.94,78.48,10.72,23.09,72.73,97.99,50.19,15.65,64.91,68.24,62.23,1142.36,1.6332,67.89
2021,5,22,FTCB,0.28,77.47,68.63,87.91,9.63,13.63,71.98,96.72,73.74,16.29,68.11,70.85,65.85,830.88,1.6368,68.57
2021,5,23,FTCB,0.15,71.20,61.59,91.78,9.47,6.32,67.92,98.31,74.88,16.18,65.37,67.77,60.81,403.64,1.6389,69.02
2021,5,24,FTCB,0.02,72.10,61.75,92.96,9.29,6.93,67.25,99.02,85.52,15.50,65.13,69.39,61.10,587.02,1.6448,68.69
2021,5,25,FTCB,0.00,78.73,63.79,84.49,6.93,16.61,69.99,97.50,63.61,15.41,64.84,67.34,61.54,986.91,1.6511,68.40
2021,5,26,FTCB,0.00,89.89,65.44,78.15,8.86,23.31,77.20,99.24,50.06,18.28,69.18,72.43,64.31,1110.12,1.6544,68.74
2021,5,27,FTCB,0.00,91.22,68.20,75.31,12.19,20.73,78.29,93.24,51.13,19.93,69.26,72.65,64.22,1125.97,1.6559,69.94
2021,5,28,FTCB,0.00,74.91,59.13,71.25,7.20,22.03,66.00,93.73,45.80,17.35,55.70,64.16,49.72,1130.08,1.6568,70.75
2021,5,29,FTCB,0.00,76.26,56.88,70.83,6.95,28.37,65.53,88.83,47.45,11.53,55.15,58.21,51.17,965.94,1.6641,70.39
2021,5,30,FTCB,0.00,76.08,56.61,81.53,8.76,20.21,66.01,92.50,68.22,16.99,60.04,65.71,53.64,1127.01,1.6684,70.41
2021,5,31,FTCB,1.72,64.69,59.54,93.82,7.43,4.70,61.98,98.81,85.38,14.46,60.16,62.07,57.55,237.94,1.6623,70.29
2021,6,1,FTCB,0.00,72.41,58.03,83.73,5.57,16.80,63.30,97.42,61.22,9.85,57.93,60.25,56.44,1200.70,1.6119,69.29
2021,6,2,FTCB,0.17,76.60,55.35,83.01,2.44,19.00,64.89,99.72,45.08,7.93,58.78,62.85,53.15,1229.35,1.6134,69.00
2021,6,3,FTCB,0.00,81.43,57.49,76.28,4.10,21.46,70.07,97.87,48.06,12.38,61.48,65.50,56.57,1109.10,1.6145,69.21
2021,6,4,FTCB,0.00,85.14,58.98,68.73,5.56,29.41,72.93,99.27,36.07,12.76,60.20,65.13,54.58,1006.58,1.6131,69.91
2021,6,5,FTCB,0.00,79.32,59.61,81.05,5.53,18.21,69.96,98.12,60.59,12.25,63.40,66.35,58.77,1139.97,1.6162,70.80
2021,6,6,FTCB,0.00,83.59,63.10,83.71,7.84,18.00,72.75,99.39,60.01,13.99,67.09,71.41,62.84,1101.40,1.6207,71.14
2021,6,7,FTCB,0.00,85.68,66.97,78.22,4.96,20.87,75.40,97.03,51.97,11.49,67.50,71.08,63.61,799.72,1.6251,71.55
2021,6,8,FTCB,0.00,90.73,68.04,74.10,5.66,26.82,78.37,95.04,43.58,11.27,68.40,71.69,65.38,1010.40,1.6290,72.11
2021,6,9,FTCB,0.00,93.76,71.13,79.92,9.61,24.16,82.00,99.08,55.71,17.27,74.58,77.03,68.70,1031.75,1.6296,72.98
2021,6,10,FTCB,0.00,92.52,70.57,82.78,8.25,24.61,81.33,99.03,62.54,15.98,75.11,79.04,70.15,1038.94,1.6318,73.86
2021,6,11,FTCB,0.00,95.32,73.15,74.57,10.36,27.31,83.77,94.10,51.89,17.49,74.15,76.94,71.31,996.80,1.6323,74.69
2021,6,12,FTCB,0.23,92.07,67.06,72.93,5.54,27.65,79.62,94.69,49.39,31.27,69.28,74.31,64.09,947.96,1.6353,75.41
2021,6,13,FTCB,0.07,88.48,67.84,72.74,4.37,17.26,78.06,97.13,43.32,21.12,67.73,73.56,62.41,1058.35,1.6377,76.06
2021,6,14,FTCB,0.00,93.52,69.87,64.33,3.57,29.58,81.40,93.90,32.04,10.29,66.56,71.81,57.93,961.51,1.6434,76.17
2021,6,15,FTCB,0.00,95.18,65.03,63.02,2.92,29.62,80.97,93.66,27.87,9.50,64.99,70.65,56.47,962.82,1.6479,76.58
2021,6,16,FTCB,0.00,96.33,65.37,62.01,4.64,29.80,82.44,94.68,30.41,11.78,65.95,70.12,59.40,960.54,1.6531,77.07
2021,6,17,FTCB,0.00,95.45,66.24,61.41,5.91,29.21,82.35,96.71,29.00,13.47,65.55,69.16,58.08,969.17,1.6573,77.53
2021,6,18,FTCB,0.00,96.40,66.51,57.45,8.77,29.32,83.56,88.76,27.79,15.94,64.87,68.89,57.74,959.71,1.6629,77.89
2021,6,19,FTCB,0.00,96.10,66.45,59.23,8.46,28.86,83.36,93.68,32.09,16.08,65.99,68.91,61.36,1020.86,1.6698,78.23
2021,6,20,FTCB,0.00,98.29,70.95,52.14,10.19,28.66,84.77,78.28,28.66,18.57,63.42,68.13,58.36,931.40,1.6762,78.61
2021,6,21,FTCB,0.14,77.34,58.91,73.94,9.23,12.98,68.97,92.00,51.48,22.95,59.97,70.41,54.13,960.44,1.6825,78.84
2021,6,22,FTCB,0.00,84.31,53.62,60.81,8.38,29.65,71.51,96.73,27.15,16.62,54.79,61.65,46.29,962.80,1.6951,77.56
2021,6,23,FTCB,0.00,95.77,70.30,67.59,13.65,26.13,82.63,91.39,42.15,19.69,69.73,72.96,61.82,919.80,1.7060,76.91
2021,6,24,FTCB,0.00,95.22,76.10,64.02,13.19,28.31,85.42,88.87,42.25,20.09,70.94,74.17,66.77,937.46,1.7142,77.37
2021,6,25,FTCB,0.00,95.95,77.50,62.96,12.61,26.07,85.82,83.80,43.11,20.38,71.09,73.97,68.59,1075.05,1.7215,78.11
2021,6,26,FTCB,4.25,82.92,67.15,89.43,8.19,14.65,74.26,98.57,66.97,18.97,70.73,74.47,66.57,1068.46,1.4635,77.67
2021,6,27,FTCB,1.81,76.03,67.46,90.95,5.31,13.28,71.30,98.80,77.50,11.00,68.44,70.54,65.28,805.33,1.4133,77.19
2021,6,28,FTCB,0.12,80.89,68.52,89.38,3.63,12.92,73.16,97.73,71.28,11.29,69.73,73.02,67.60,791.94,1.4635,77.03
2021,6,29,FTCB,0.58,81.30,70.29,90.61,6.18,16.19,74.48,99.03,72.43,13.40,71.42,73.35,69.53,1122.72,1.4843,76.90
2021,6,30,FTCB,0.00,89.06,69.91,80.90,3.92,20.24,78.37,98.99,52.68,11.21,71.38,74.64,68.58,1121.25,1.4858,76.86
2021,7,1,FTCB,0.12,92.35,72.10,84.71,5.50,17.92,77.01,95.72,50.78,18.57,71.52,73.26,69.75,1108.26,1.4980,77.29
2021,7,2,FTCB,0.14,83.43,71.22,88.38,3.58,14.55,74.78,97.99,62.70,12.92,70.93,72.42,68.42,1025.24,1.5122,77.51
2021,7,3,FTCB,0.00,84.04,70.09,79.82,5.31,22.88,76.45,95.96,55.57,11.11,69.28,72.83,65.98,1050.11,1.5229,77.56
2021,7,4,FTCB,0.00,85.50,66.60,78.16,4.84,23.83,75.87,98.53,56.66,10.83,67.97,69.87,65.94,1118.83,1.5311,77.72
2021,7,5,FTCB,0.00,85.82,67.39,74.65,4.73,22.75,76.31,93.20,55.79,10.55,67.15,69.29,64.36,1122.78,1.5385,77.85
2021,7,6,FTCB,0.00,87.94,68.05,75.49,3.79,25.33,78.11,95.10,53.57,9.81,69.10,72.46,66.47,1112.47,1.5479,77.98
2021,7,7,FTCB,0.10,92.41,69.15,78.03,2.78,23.69,77.85,97.46,34.89,18.81,69.23,72.85,60.06,1037.64,1.5588,78.32
2021,7,8,FTCB,0.00,91.35,68.95,74.40,3.02,23.33,80.18,97.59,50.42,8.29,70.43,72.61,68.06,1041.89,1.5678,78.80
2021,7,9,FTCB,0.00,89.02,70.12,72.30,7.96,27.97,80.70,92.68,52.26,14.89,70.38,72.59,67.76,952.87,1.5775,79.18
2021,7,10,FTCB,1.20,90.59,68.25,79.32,7.33,23.65,79.63,98.91,57.49,27.83,72.04,75.07,67.80,1135.65,1.5852,79.30
2021,7,11,FTCB,0.00,84.99,67.80,70.67,5.36,28.18,76.22,98.07,47.13,10.34,65.14,71.22,61.46,1016.85,1.5874,79.22
2021,7,12,FTCB,0.00,86.14,62.74,72.30,2.31,27.71,75.08,96.78,43.51,7.50,64.54,69.04,60.29,1049.74,1.5951,79.05
2021,7,13,FTCB,0.00,90.07,66.97,74.00,5.69,26.89,78.85,97.71,51.04,12.30,69.03,72.48,66.12,990.14,1.6020,79.13
2021,7,14,FTCB,0.00,88.56,68.59,70.39,9.56,25.96,79.04,89.59,52.33,16.73,68.07,70.19,65.25,1132.16,1.6089,79.18
2021,7,15,FTCB,0.00,87.78,70.21,74.16,8.99,18.98,79.19,91.96,55.31,14.32,69.89,72.74,67.46,1034.29,1.6138,78.87
2021,7,16,FTCB,0.03,90.46,70.93,76.52,7.05,24.67,80.27,94.32,51.67,15.51,71.56,74.79,68.13,1004.05,1.6185,78.61
2021,7,17,FTCB,0.06,91.60,69.62,84.34,4.60,21.54,77.27,97.40,56.28,21.56,71.62,75.13,65.91,1040.73,1.6195,78.92
2021,7,18,FTCB,0.05,91.00,68.68,84.73,3.57,20.86,76.17,98.63,58.43,15.58,70.74,76.05,67.65,1025.95,1.6231,79.13
2021,7,19,FTCB,0.00,87.35,69.12,76.33,5.29,25.36,77.43,98.67,48.20,11.22,68.52,73.50,64.30,992.78,1.6264,79.22
2021,7,20,FTCB,0.00,86.07,66.49,73.31,4.72,22.50,75.72,92.66,49.62,10.04,65.96,69.15,63.99,1062.91,1.6308,79.14
2021,7,21,FTCB,0.00,84.24,61.99,72.18,1.88,25.18,73.94,96.15,43.25,6.34,63.37,66.88,58.93,948.48,1.6374,78.85
2021,7,22,FTCB,0.00,87.73,65.19,74.26,4.84,25.29,76.82,96.45,49.47,11.52,67.07,70.93,63.99,994.82,1.6400,78.86
2021,7,23,FTCB,0.00,90.55,68.61,76.51,5.90,26.48,79.70,97.61,52.03,11.53,70.89,73.44,67.79,1013.34,1.6455,79.03
2021,7,24,FTCB,0.00,94.50,73.27,70.63,6.22,26.54,83.26,93.35,45.12,10.73,71.83,74.30,69.11,903.98,1.6483,79.49
2021,7,25,FTCB,0.89,95.16,69.28,70.65,5.66,25.08,81.91,93.53,45.76,18.39,70.45,75.01,63.36,1036.58,1.6525,80.14
2021,7,26,FTCB,0.12,92.10,70.88,72.93,3.43,26.59,80.58,96.09,47.76,9.75,70.43,75.68,66.38,1264.34,1.6545,80.41
2021,7,27,FTCB,0.00,94.75,72.97,74.63,2.88,25.33,82.77,93.97,46.74,6.00,73.07,77.64,69.51,923.97,1.6596,80.80
2021,7,28,FTCB,0.00,93.29,73.27,75.09,4.50,25.43,82.69,95.16,52.03,9.71,73.22,75.11,71.64,987.91,1.6651,81.49
2021,7,29,FTCB,0.00,93.13,73.42,73.72,2.89,25.37,82.58,96.19,46.37,7.24,72.32,75.33,68.26,950.93,1.6712,81.83
2021,7,30,FTCB,0.00,93.15,71.53,73.30,2.87,26.07,82.34,93.75,47.29,8.40,72.01,75.45,68.88,984.83,1.6797,82.08
2021,7,31,FTCB,0.00,94.98,72.30,69.85,3.86,26.33,83.60,93.07,43.99,10.95,71.52,74.41,68.13,944.20,1.6880,82.34
2021,8,1,FTCB,0.00,84.00,71.98,78.13,7.67,15.87,76.74,92.08,59.32,14.56,69.18,73.14,66.10,1045.04,1.6975,82.49
2021,8,2,FTCB,0.00,84.15,66.38,66.46,6.02,25.72,74.83,92.14,41.59,12.43,61.90,66.93,56.48,910.67,1.7093,81.81
2021,8,3,FTCB,0.00,85.44,59.23,66.52,3.08,25.70,72.67,94.47,33.75,9.75,59.13,66.32,52.39,929.96,1.7211,81.11
2021,8,4,FTCB,0.00,87.01,61.72,66.08,1.71,22.79,75.18,89.09,43.14,5.22,62.32,66.63,57.19,978.58,1.7346,80.64
2021,8,5,FTCB,0.00,87.75,66.97,77.77,4.78,18.38,75.23,94.12,48.85,11.04,67.13,71.02,62.06,1146.42,1.7470,80.53
2021,8,6,FTCB,0.00,94.17,66.27,71.82,7.48,24.24,79.87,97.98,41.95,12.81,68.69,72.03,65.49,871.95,1.7586,80.38
2021,8,7,FTCB,0.00,94.78,72.12,68.93,9.73,23.96,82.68,93.85,42.60,15.45,70.56,73.42,67.39,945.90,1.7674,80.55
2021,8,8,FTCB,0.10,92.12,72.82,74.29,7.84,22.68,81.11,94.72,49.25,15.00,71.65,75.46,68.88,904.37,1.7799,80.84
2021,8,9,FTCB,0.00,96.75,74.64,65.22,9.60,24.99,85.08,82.87,43.23,14.28,71.49,76.34,69.00,886.47,1.7946,80.85
2021,8,10,FTCB,0.00,95.34,75.94,62.45,9.86,25.96,85.22,80.85,42.82,15.28,70.42,74.41,67.78,903.17,1.8109,81.12
2021,8,11,FTCB,0.00,95.32,75.02,59.13,8.86,25.49,83.96,75.67,41.16,15.18,67.61,71.75,64.75,1024.05,1.8304,81.48
2021,8,12,FTCB,0.00,94.10,73.72,65.83,7.13,23.60,83.04,83.52,42.97,13.65,69.94,74.23,66.34,1060.52,1.8548,81.69
2021,8,13,FTCB,1.62,91.29,68.16,75.77,4.89,20.19,78.48,98.68,55.86,21.09,69.63,74.82,65.87,987.77,1.8872,81.88
2021,8,14,FTCB,0.00,83.95,69.03,83.11,2.18,17.80,74.66,95.67,54.20,6.90,68.79,72.01,65.55,885.40,1.9001,81.44
2021,8,15,FTCB,0.00,87.69,65.91,78.46,1.78,25.41,76.44,98.27,51.17,5.66,68.44,71.78,65.22,986.22,1.8902,80.85
2021,8,16,FTCB,0.00,88.16,67.46,80.24,3.09,19.71,77.15,98.44,52.36,8.72,70.00,73.23,66.83,1080.65,1.8836,80.99
2021,8,17,FTCB,0.56,82.96,69.57,90.54,4.45,10.15,73.91,97.22,72.47,14.18,70.88,74.79,66.62,1037.23,1.8787,81.00
2021,8,18,FTCB,0.02,84.22,68.22,88.85,6.70,14.84,74.99,98.68,68.45,11.03,71.27,75.10,67.74,1058.05,1.8782,80.29
2021,8,19,FTCB,0.32,87.04,69.98,89.71,6.89,13.21,77.07,97.28,75.74,11.77,73.72,78.61,68.91,907.96,1.8798,79.75
2021,8,20,FTCB,0.00,91.18,72.88,76.37,7.68,20.16,81.48,93.32,59.01,14.24,72.96,77.63,70.16,1086.05,1.8813,79.64
2021,8,21,FTCB,0.00,92.19,71.49,73.40,5.31,24.45,81.20,94.24,51.42,13.80,71.31,75.60,66.39,877.10,1.8862,79.91
2021,8,22,FTCB,0.00,92.70,69.57,72.12,6.38,22.00,81.31,96.58,51.60,13.67,70.68,73.99,67.08,1017.49,1.8947,80.42
2021,8,23,FTCB,0.00,93.11,69.15,65.07,7.52,25.59,81.86,92.32,40.43,14.88,67.81,69.92,64.69,903.55,1.9049,80.60
2021,8,24,FTCB,0.00,94.75,68.02,63.44,7.51,24.97,82.52,89.45,41.28,14.79,67.83,70.68,64.28,919.42,1.9181,80.52
2021,8,25,FTCB,0.00,96.17,68.88,66.95,5.26,24.53,82.80,92.41,41.26,11.14,69.58,73.08,66.30,881.44,1.9275,80.53
2021,8,26,FTCB,0.00,92.28,68.54,72.12,3.93,24.36,80.72,94.94,41.76,9.94,69.77,73.76,65.66,892.25,1.9313,80.81
2021,8,27,FTCB,0.00,91.47,68.23,74.62,4.97,24.13,79.70,96.44,48.00,10.77,69.99,74.22,67.09,940.67,1.9389,81.10
2021,8,28,FTCB,0.00,89.94,69.31,75.05,6.32,23.03,78.99,96.29,50.96,11.79,69.51,72.26,66.78,998.81,1.9509,81.30
2021,8,29,FTCB,0.00,90.82,68.68,76.90,3.78,21.19,78.56,98.63,48.47,11.13,69.73,73.45,66.20,1004.49,1.9601,81.33
2021,8,30,FTCB,0.00,91.62,67.93,74.67,1.33,23.35,78.86,97.70,41.07,5.46,69.03,73.25,64.04,934.61,1.9694,81.33
2021,8,31,FTCB,0.00,94.30,69.03,73.46,3.31,22.12,80.30,96.10,42.97,14.56,69.82,72.46,67.30,994.55,1.9795,81.57
2021,9,1,FTCB,0.00,95.13,68.99,70.35,3.58,22.23,82.01,94.30,40.05,7.81,70.20,73.87,66.52,841.67,1.9925,81.74
2021,9,2,FTCB,0.00,93.90,71.31,69.60,6.26,22.25,82.58,93.50,45.63,13.02,70.73,74.42,68.83,965.33,2.0083,81.94
2021,9,3,FTCB,0.00,94.77,74.35,67.26,7.12,21.91,83.60,87.50,46.47,12.63,70.88,74.13,68.37,854.48,2.0275,82.11
2021,9,4,FTCB,0.40,94.71,71.74,72.90,6.07,18.64,80.99,93.48,42.94,13.72,70.60,74.92,68.03,965.06,2.0473,82.25
2021,9,5,FTCB,0.00,86.94,68.38,72.71,4.74,20.01,76.47,92.33,43.64,10.96,66.25,71.04,61.47,941.56,2.0729,82.15
2021,9,6,FTCB,0.00,89.64,61.68,72.71,3.84,22.45,76.22,96.47,45.94,9.88,65.95,71.85,60.39,864.67,2.1009,81.55
2021,9,7,FTCB,0.09,93.76,66.52,67.37,4.55,20.06,79.35,89.93,42.88,10.23,66.77,71.02,60.60,833.40,2.1284,81.15
2021,9,8,FTCB,0.00,88.75,61.65,52.62,6.46,22.56,76.49,86.17,23.34,14.14,55.95,68.56,46.59,856.05,2.1530,81.01
2021,9,9,FTCB,0.00,90.66,56.35,56.88,4.26,22.02,73.36,92.34,26.17,11.29,54.37,60.05,49.78,828.64,2.1841,80.28
2021,9,10,FTCB,0.00,90.86,62.17,50.57,6.62,19.59,77.37,82.06,32.78,14.13,56.35,60.06,52.32,765.86,2.2169,79.59
2021,9,11,FTCB,0.00,92.82,60.55,53.87,7.58,20.59,77.04,86.88,31.55,13.59,57.55,60.09,55.04,807.25,2.2521,79.21
2021,9,12,FTCB,0.00,90.86,57.42,59.86,6.12,22.02,74.11,90.54,29.27,11.55,57.45,60.69,53.90,830.32,2.2883,78.96
2021,9,13,FTCB,0.00,90.54,61.20,62.74,6.53,21.86,76.30,89.13,34.11,12.35,61.19,67.30,53.84,822.28,2.3254,78.81
2021,9,14,FTCB,0.00,88.56,62.85,69.54,5.76,21.90,76.16,95.69,43.64,12.01,64.42,66.60,61.31,837.29,2.3639,78.89
2021,9,15,FTCB,0.03,85.08,62.73,79.85,1.93,14.86,72.66,95.97,51.21,5.70,65.42,68.96,61.33,945.57,2.3937,79.07
2021,9,16,FTCB,0.00,90.00,63.41,69.10,3.97,21.08,76.66,95.21,40.73,10.35,64.57,67.63,61.25,898.37,2.4166,79.00
2021,9,17,FTCB,0.00,91.87,65.52,66.99,4.54,21.34,77.74,93.39,39.84,9.20,64.70,67.89,62.68,805.07,2.4393,79.17
2021,9,18,FTCB,0.00,91.71,63.86,64.40,1.49,19.66,76.92,94.60,33.27,6.57,62.18,67.35,58.06,893.37,2.4612,79.36
2021,9,19,FTCB,0.00,92.14,61.36,63.27,4.13,20.66,76.93,90.00,35.20,10.00,62.00,68.47,56.63,827.20,2.4815,79.47
2021,9,20,FTCB,0.00,97.97,71.38,53.81,9.12,17.77,82.14,84.74,27.25,18.28,61.65,68.13,51.55,945.10,2.4997,79.58
2021,9,21,FTCB,0.00,79.54,56.61,44.37,11.94,20.92,69.68,62.31,23.71,19.04,45.85,54.29,38.31,868.71,2.5201,79.68
2021,9,22,FTCB,0.00,79.09,44.61,51.45,2.62,22.32,62.38,90.19,19.21,6.43,41.25,50.48,32.62,846.31,2.5461,78.88
2021,9,23,FTCB,0.00,84.63,47.68,48.42,4.60,21.40,65.86,79.54,21.62,11.22,43.09,49.72,38.22,828.91,2.5711,78.01
2021,9,24,FTCB,0.00,87.17,49.82,48.75,4.22,19.46,68.20,79.16,21.19,10.44,45.68,51.23,41.56,972.23,2.5945,77.31
2021,9,25,FTCB,0.00,90.05,56.44,52.43,4.59,20.76,70.96,80.45,23.01,9.43,50.59,54.30,47.02,800.45,2.6157,76.82
2021,9,26,FTCB,0.00,91.60,56.82,45.28,6.49,20.90,73.86,75.72,19.12,14.39,48.79,54.78,42.09,815.21,2.6323,76.67
2021,9,27,FTCB,0.00,92.77,58.51,46.84,6.79,17.76,76.06,75.95,25.16,13.19,52.82,57.32,49.48,824.21,2.6500,76.57
2021,9,28,FTCB,0.04,93.40,60.53,61.28,7.00,18.76,75.33,90.65,28.83,23.82,59.53,66.56,55.28,808.54,2.6654,76.67
2021,9,29,FTCB,0.02,87.33,63.37,73.22,8.19,19.56,74.58,93.75,46.06,14.03,64.66,68.04,61.30,769.37,2.6786,76.92
2021,9,30,FTCB,0.00,72.72,63.79,86.75,5.37,5.40,68.60,96.94,77.94,11.73,64.44,67.79,61.45,410.14,2.6939,76.89
2021,10,1,FTCB,0.00,78.17,62.40,80.82,2.90,12.49,68.12,96.79,54.43,8.92,61.53,63.12,60.06,931.02,2.7069,76.28
2021,10,2,FTCB,0.52,78.24,60.08,81.32,2.94,14.38,67.46,99.15,50.76,9.07,60.93,63.25,57.95,937.06,2.7185,75.85
2021,10,3,FTCB,0.00,82.29,55.63,70.56,3.21,20.00,67.19,98.59,32.63,9.43,55.18,62.51,48.85,792.76,2.7277,75.33
2021,10,4,FTCB,0.00,86.23,52.52,59.24,1.63,19.72,68.05,95.62,20.06,5.91,49.88,59.08,39.75,781.78,2.7379,74.67
2021,10,5,FTCB,0.00,82.80,52.12,59.94,2.25,19.48,66.58,93.41,28.99,8.30,50.01,53.98,46.31,770.58,2.7492,74.15
2021,10,6,FTCB,0.00,81.91,50.23,66.32,1.78,18.97,65.40,95.59,31.57,6.38,51.66,57.03,47.75,757.48,2.7592,73.54
2021,10,7,FTCB,0.00,89.02,54.39,64.63,4.96,14.47,70.26,89.61,29.68,12.47,56.02,59.73,50.55,780.15,2.7663,73.18
2021,10,8,FTCB,0.00,95.68,58.75,52.88,7.87,18.25,77.87,91.30,23.15,17.11,56.30,59.74,51.92,776.19,2.7740,72.94
2021,10,9,FTCB,0.00,93.42,64.56,50.93,9.84,18.40,78.28,77.71,28.69,16.11,57.05,58.88,54.59,753.29,2.7747,73.20
2021,10,10,FTCB,1.31,84.69,57.65,72.36,10.39,14.12,70.02,98.39,49.81,24.58,60.07,66.12,53.47,859.24,2.7684,73.56
2021,10,11,FTCB,0.00,77.11,51.33,67.18,4.45,19.00,62.80,94.32,28.24,12.08,49.73,55.70,41.48,764.45,2.5191,72.89
2021,10,12,FTCB,0.88,79.29,52.79,81.43,8.68,5.43,66.06,95.08,64.95,26.26,60.11,71.57,47.87,421.66,2.3577,71.91
2021,10,13,FTCB,0.60,77.18,56.25,69.04,7.31,14.10,66.86,98.72,25.56,23.42,54.64,71.29,38.42,992.27,2.2215,71.23
2021,10,14,FTCB,1.06,76.93,52.18,85.47,4.51,13.06,64.01,99.35,54.66,13.57,58.98,63.14,51.30,885.64,2.0185,70.90
2021,10,15,FTCB,0.00,68.04,45.14,58.85,9.23,16.75,58.97,98.59,29.12,16.63,43.06,62.29,33.22,744.47,1.7128,70.21
2021,10,16,FTCB,0.00,71.37,39.44,60.15,3.27,18.76,53.39,91.81,20.14,8.49,36.76,42.73,27.38,758.03,1.6573,69.17
2021,10,17,FTCB,0.00,76.01,41.00,60.99,2.98,17.82,56.10,90.88,22.56,11.54,39.79,47.73,33.90,749.42,1.6518,67.99
2021,10,18,FTCB,0.00,74.64,42.26,60.28,6.83,17.28,58.71,91.39,33.04,15.22,43.24,46.25,38.55,756.41,1.6542,67.05
2021,10,19,FTCB,0.00,79.59,55.13,64.81,11.44,16.84,66.68,77.49,49.61,17.03,54.15,59.58,45.43,698.61,1.6587,66.37
2021,10,20,FTCB,0.00,73.42,46.67,67.27,5.61,14.71,62.25,97.75,32.45,11.18,49.82,58.30,40.85,710.21,1.6620,66.44
2021,10,21,FTCB,0.00,73.90,43.73,59.97,2.51,16.15,59.06,90.21,31.03,7.47,43.36,48.03,38.75,773.28,1.6668,66.31
2021,10,22,FTCB,0.00,81.03,49.21,66.15,5.49,12.85,65.57,86.38,41.60,11.92,53.23,61.12,43.56,808.99,1.6715,65.97
2021,10,23,FTCB,0.00,86.05,62.94,66.97,9.78,15.64,74.26,89.92,44.31,15.75,61.89,63.80,59.42,765.30,1.6759,66.17
2021,10,24,FTCB,0.00,78.01,52.45,69.27,7.59,14.66,68.56,95.16,41.29,18.63,57.20,64.26,48.71,729.80,1.6776,66.95
2021,10,25,FTCB,0.00,77.45,48.54,69.47,5.48,16.18,61.96,94.11,40.31,10.36,50.79,54.48,46.42,718.01,1.6795,67.19
2021,10,26,FTCB,0.34,84.29,55.06,78.61,11.42,11.33,70.03,94.53,55.02,24.29,62.57,69.23,51.33,721.88,1.6837,66.89
2021,10,27,FTCB,0.01,63.41,52.29,66.90,9.24,7.10,58.27,94.47,45.32,16.11,46.83,60.13,35.63,726.11,1.6866,67.08
2021,10,28,FTCB,0.00,68.20,50.81,34.93,12.64,16.04,58.73,52.99,18.68,22.48,29.96,35.67,23.69,683.99,1.6909,66.22
2021,10,29,FTCB,0.00,67.39,40.69,37.51,8.15,16.97,53.58,67.68,14.72,16.68,26.05,32.10,16.44,711.89,1.6974,64.84
2021,10,30,FTCB,0.00,73.33,34.83,56.28,2.84,16.35,52.87,91.09,22.50,9.70,34.68,43.82,29.10,690.13,1.7052,63.47
2021,10,31,FTCB,0.00,62.80,43.62,70.34,8.83,15.48,53.21,93.18,51.23,15.90,43.39,45.29,39.20,660.10,1.7112,62.68
2021,11,1,FTCB,0.00,61.70,45.14,64.57,8.24,14.75,51.37,80.26,50.45,13.16,39.59,43.34,35.20,682.32,1.7163,62.14
2021,11,2,FTCB,0.08,45.90,40.94,83.94,9.52,2.33,43.43,95.69,76.24,14.48,38.87,41.43,36.33,175.61,1.7199,61.73
2021,11,3,FTCB,0.15,46.22,41.55,94.13,6.14,2.23,44.00,96.53,89.40,10.78,42.41,43.91,40.28,178.89,1.7251,60.53
2021,11,4,FTCB,0.00,52.65,39.15,88.34,2.98,4.14,46.73,97.52,72.20,6.58,43.36,45.03,38.25,228.00,1.7312,59.50
2021,11,5,FTCB,0.01,61.21,36.42,81.26,5.16,14.47,47.07,99.41,50.54,10.97,40.83,45.47,36.18,712.92,1.7342,58.81
2021,11,6,FTCB,0.00,68.85,36.95,74.59,5.54,14.93,52.06,95.80,48.12,9.57,43.42,49.28,35.74,645.00,1.7383,58.33
2021,11,7,FTCB,0.00,76.60,43.31,65.65,8.28,15.18,59.19,94.39,33.54,15.29,45.95,51.03,41.70,656.66,1.7405,58.33
2021,11,8,FTCB,0.00,76.14,49.57,70.95,8.44,13.73,61.65,93.21,43.77,13.47,51.21,54.73,47.61,638.84,1.7398,58.67
2021,11,9,FTCB,0.00,69.13,49.19,84.92,2.37,-996.00,58.66,97.05,60.98,6.92,53.81,56.15,47.43,640.88,1.7403,59.30
2021,11,10,FTCB,0.00,70.34,45.59,83.27,7.50,4.41,59.25,99.92,58.42,15.27,53.80,60.28,42.48,345.18,1.7398,59.91
2021,11,11,FTCB,0.00,65.05,41.62,64.02,3.57,13.84,50.79,94.84,27.80,8.77,37.22,44.02,30.68,637.29,1.7426,59.86
2021,11,12,FTCB,0.00,60.37,30.83,44.49,6.30,14.55,48.43,80.96,14.24,18.90,24.44,39.51,10.25,701.49,1.7437,59.38
2021,11,13,FTCB,0.00,66.34,29.50,49.17,4.81,13.87,46.85,80.79,20.41,11.95,26.10,32.88,20.76,816.57,1.7489,58.34
2021,11,14,FTCB,0.00,62.20,37.18,56.85,4.86,13.82,49.90,83.13,29.62,16.87,33.93,37.32,29.66,638.03,1.7518,57.51
2021,11,15,FTCB,0.00,76.59,37.07,61.82,3.15,13.88,54.11,85.24,27.17,11.02,39.42,47.68,32.53,619.82,1.7555,57.05
2021,11,16,FTCB,0.00,83.52,43.87,65.25,9.05,12.78,63.50,99.70,22.37,18.16,48.84,54.84,41.07,655.92,1.7567,56.97
2021,11,17,FTCB,0.00,66.60,42.97,46.39,13.28,12.55,54.71,80.24,26.06,22.50,33.62,51.40,19.78,675.65,1.7556,57.48
2021,11,18,FTCB,0.00,55.35,29.26,40.03,4.54,14.12,41.58,68.31,15.56,10.25,16.77,22.76,8.35,627.81,1.7591,57.16
2021,11,19,FTCB,0.00,60.28,29.09,41.74,11.37,11.29,45.57,69.66,23.89,22.24,22.07,28.51,17.05,647.60,1.7620,56.02
2021,11,20,FTCB,0.00,72.19,44.36,49.86,7.33,11.66,54.56,76.19,29.88,13.08,35.34,45.97,24.13,669.21,1.7669,55.21
2021,11,21,FTCB,0.00,59.83,36.20,55.76,7.64,7.27,50.51,74.86,32.22,17.61,34.44,43.44,28.18,495.79,1.7665,55.30
2021,11,22,FTCB,0.00,66.56,26.26,60.68,4.83,13.39,45.13,91.63,26.14,15.99,29.81,35.58,23.50,598.47,1.7690,54.92
2021,11,23,FTCB,0.00,71.71,31.06,51.46,9.24,13.27,52.82,92.18,19.25,22.88,31.37,36.16,27.35,611.11,1.7705,54.37
2021,11,24,FTCB,0.00,68.43,48.27,50.88,13.57,6.26,58.13,67.99,34.20,20.42,39.73,50.37,27.63,488.69,1.7719,54.53
2021,11,25,FTCB,0.00,50.43,25.90,55.95,9.68,13.36,40.59,80.61,33.56,17.26,25.31,29.08,20.24,599.48,1.7711,54.82
2021,11,26,FTCB,0.00,66.83,21.22,49.92,5.86,13.22,42.65,88.07,17.35,17.01,21.07,27.07,17.52,596.42,1.7733,54.15
2021,11,27,FTCB,0.00,68.16,34.16,45.60,3.42,9.06,49.66,74.66,20.17,12.27,27.51,36.84,21.18,809.74,1.7780,53.49
2021,11,28,FTCB,0.00,61.14,35.11,50.11,3.20,12.77,48.00,71.87,27.39,8.25,29.45,33.53,25.36,581.75,1.7787,53.28
2021,11,29,FTCB,0.00,77.95,33.98,49.03,4.03,12.74,53.50,79.02,18.78,10.83,32.38,36.71,27.10,580.72,1.7804,53.20
2021,11,30,FTCB,0.00,76.10,35.90,61.04,1.58,12.61,54.21,93.13,26.44,8.38,38.87,44.98,33.14,578.33,1.7806,53.35
2021,12,1,FTCB,0.00,70.86,33.67,64.82,2.65,12.37,50.48,93.45,26.81,6.42,36.96,41.88,31.51,642.42,1.7801,53.65
2021,12,2,FTCB,0.00,78.21,36.55,59.41,2.37,12.39,53.95,93.32,25.51,7.10,37.62,42.51,32.12,599.63,1.7806,53.80
2021,12,3,FTCB,0.00,78.80,40.68,63.45,3.33,10.60,56.89,97.07,23.98,10.22,42.57,48.04,37.98,672.39,1.7806,54.03
2021,12,4,FTCB,0.00,54.72,45.54,73.43,5.70,3.26,50.54,84.39,62.35,11.12,42.31,45.31,37.69,224.38,1.7811,54.42
2021,12,5,FTCB,0.00,79.39,35.70,62.82,9.62,11.60,57.07,99.56,20.54,27.92,40.82,52.09,24.93,562.13,1.7796,54.48
2021,12,6,FTCB,0.00,48.00,24.18,42.19,10.95,12.33,38.05,67.54,29.54,25.30,16.67,24.49,13.10,567.42,1.7794,54.60
2021,12,7,FTCB,0.00,50.50,22.34,55.27,4.08,9.50,36.17,77.91,30.44,12.81,20.54,25.32,14.59,587.56,1.7832,53.73
2021,12,8,FTCB,0.00,58.69,25.05,75.27,7.06,10.61,42.36,91.94,45.24,19.62,34.37,45.36,20.72,560.95,1.7849,52.72
2021,12,9,FTCB,0.00,71.47,44.42,45.78,6.37,9.52,56.04,81.20,20.44,14.76,33.32,44.07,28.04,602.48,1.7870,52.53
2021,12,10,FTCB,0.00,80.02,40.83,38.94,12.41,5.91,61.51,64.80,22.11,33.13,35.07,47.97,23.75,559.19,1.7865,52.92
2021,12,11,FTCB,0.00,50.45,28.13,46.58,5.93,12.53,38.68,64.15,20.24,12.55,18.94,25.24,10.41,581.61,1.7860,53.20
2021,12,12,FTCB,0.00,62.24,27.08,41.63,10.89,12.49,44.49,70.90,19.00,22.28,20.12,25.17,16.19,574.32,1.7886,52.62
2021,12,13,FTCB,0.00,66.60,32.46,47.93,8.33,11.82,49.83,76.52,24.65,15.56,29.19,39.38,24.76,557.10,1.7913,52.05
2021,12,14,FTCB,0.00,74.46,47.82,69.47,12.37,11.27,59.93,96.78,32.33,20.15,48.38,57.01,39.67,556.81,1.7926,52.17
2021,12,15,FTCB,0.00,77.90,54.39,71.52,14.31,6.26,68.09,91.84,40.12,31.88,57.85,62.57,39.94,586.71,1.7906,53.13
2021,12,16,FTCB,0.00,56.98,37.37,43.17,7.09,11.75,47.22,61.07,24.91,14.66,25.19,40.53,19.88,555.28,1.7875,54.28
2021,12,17,FTCB,0.00,63.88,39.02,54.56,3.35,4.07,51.28,72.61,39.93,12.80,35.15,47.75,24.56,473.27,1.7880,54.22
2021,12,18,FTCB,0.00,46.44,25.88,51.74,11.26,11.27,37.36,72.60,34.57,19.77,20.79,27.09,12.44,559.51,1.7889,54.04
2021,12,19,FTCB,0.00,46.67,12.06,54.62,3.20,12.03,28.62,83.98,24.80,9.87,12.59,18.09,6.80,571.91,1.7905,52.98
2021,12,20,FTCB,0.00,55.53,28.26,50.87,4.10,11.42,39.44,82.89,27.45,11.17,21.68,26.22,14.50,562.20,1.7950,51.89
2021,12,21,FTCB,0.00,63.97,22.81,69.03,3.19,12.08,40.16,94.85,29.76,11.84,28.88,35.85,20.07,572.34,1.7979,51.23
2021,12,22,FTCB,0.00,62.94,25.96,74.70,4.16,11.58,43.33,93.39,47.53,12.24,35.15,44.14,22.80,557.15,1.7993,50.81
2021,12,23,FTCB,0.00,60.15,30.62,78.19,2.88,7.72,45.97,99.80,46.06,7.71,38.49,47.01,30.22,577.45,1.7998,50.74
2021,12,24,FTCB,0.00,79.11,48.34,30.13,12.15,8.35,67.66,56.37,19.60,21.16,34.60,41.80,26.66,592.47,1.8009,50.94
2021,12,25,FTCB,0.00,77.40,41.35,45.66,5.81,9.93,60.39,72.63,21.96,16.36,38.07,41.03,32.60,591.87,1.7995,51.92
2021,12,26,FTCB,0.00,79.34,42.79,56.28,6.58,6.30,61.96,87.49,25.85,16.70,43.92,52.26,36.01,349.87,1.7960,52.66
2021,12,27,FTCB,0.00,64.38,40.57,35.30,6.25,6.75,50.90,72.54,16.48,14.73,22.84,40.61,12.71,761.18,1.7964,53.24
2021,12,28,FTCB,0.08,68.85,41.30,47.01,7.70,11.88,53.23,92.25,17.01,23.58,30.63,42.14,20.01,569.87,1.7969,53.20
2021,12,29,FTCB,0.00,67.93,33.23,47.18,5.36,11.72,47.70,83.68,18.08,14.62,26.47,35.39,19.81,653.98,1.7978,52.96
2021,12,30,FTCB,0.00,66.67,25.73,54.16,7.39,9.63,46.33,93.80,20.39,20.29,26.94,30.74,22.79,546.45,1.7995,52.46
2021,12,31,FTCB,0.16,67.89,50.81,56.31,9.33,3.36,57.01,89.15,38.21,22.30,40.35,52.35,29.08,222.24,1.8014,52.18
